User;Time_Forum
3;2
6;0
13;0
15;166
19;66
20;0
23;2
24;1322
27;1
36;19
40;5
41;7
42;2
45;0
48;0
52;11
53;4
54;1
57;101
58;0
64;26
65;4
68;0
70;2222
77;1
81;8
84;1
86;0
91;20
92;0
97;0
105;0
110;0
119;2
120;1
121;1
135;0
136;1
140;0
150;2
151;0
155;0
156;67
157;0
158;0
162;1
163;9
167;0
170;3
175;1
177;6
178;0
